Feature,Importance
name,26.698710918662304
transmission,26.578963105620105
year,21.476574328889747
fuel,11.609420208019891
seller_type,8.378902975379802
km_driven,3.945569592917416
owner,1.3118588705107401
